experiment_id,task,dataset,seed,split_summary,window_size,horizon,model_summary,features_summary,scaler,optimizer,lr,epochs_trained,best_val_mae,best_val_rmse,best_val_mape,test_mae,test_rmse,test_mape,notes
B1,forecasting,S12-hw-dataset.csv,666,"train: 3024, val: 648, test: 648",,1,naive-last,target lag 1,,,,,6.4285648148148145,8.190583921133817,4.384684452732065,6.331172839506172,8.053965398608025,4.139900373125158,
B2,forecasting,S12-hw-dataset.csv,666,"train: 3024, val: 648, test: 648",7,1,moving-average(7),target rolling mean,,,,,10.085873015873016,12.130331358363366,6.994529008360162,10.099742063492062,12.160303609880788,6.767430707256918,
B3,forecasting,S12-hw-dataset.csv,666,"train: 3024, val: 648, test: 648",,1,Ridge(alpha=1.0),"lag_1, lag_7, lag_14, rolling_mean_7, rolling_std_7, day_of_week",StandardScaler,,,,7.489559614569595,9.587754759351572,5.009811580757124,7.665403936214553,9.98353312477472,4.923126574713804,
R1,forecasting,S12-hw-dataset.csv,666,"train: 3024, val: 648, test: 648",14,1,GRU(hidden_size=32),windowed series,StandardScaler,Adam,0.001,20,0.3303264192720493,0.4181974082529326,148.98149002888488,0.3863333756228282,0.48478229266499007,64.76424695444821,
R1,forecasting,S12-hw-dataset.csv,666,"train: 3024, val: 648, test: 648",14,1,GRU(hidden_size=32),windowed series,StandardScaler,Adam,0.001,20,0.3209429330973141,0.40687996546575933,129.37833554683482,0.3597502533409084,0.45406182526656824,58.760022975665024,
